{
    "mse": 0.006580809101160013,
    "r2_score": 0.9937660417713355
}